source_split,stage,family,model,accuracy,precision,recall,f1,tn,fp,fn,tp,threshold
test,06_hybrid_embeddings_baseline,Híbrido embeddings + baseline,Hybrid Random Forest,0.9154929577464789,0.9640449438202248,0.8631790744466801,0.910828025477707,481,16,68,429,
test,04_codebert_embeddings,Embeddings CodeBERT,Embedding Random Forest,0.9024144869215291,0.9587155963302753,0.8410462776659959,0.8960342979635584,479,18,79,418,
test,03_baseline_tfidf,TF-IDF clásico,Linear SVM,0.8752515090543259,0.8348294434470377,0.9356136820925554,0.8823529411764706,405,92,32,465,
test,05_custom_mlp_embeddings,MLP embeddings,Custom MLP CodeBERT,0.8792756539235412,0.8792756539235412,0.8792756539235412,0.8792756539235412,437,60,60,437,0.40000000000000013
test,07_tfidf_keras_mlp,MLP TF-IDF,TF-IDF Keras MLP,0.5865191146881288,0.5482062780269058,0.9839034205231388,0.7041036717062635,94,403,8,489,0.45000000000000007
