source_split,stage,family,model,accuracy,precision,recall,f1,tn,fp,fn,tp,threshold
test,03_baseline_tfidf,TF-IDF clásico,Linear SVM,0.9215291750503019,0.8960302457466919,0.9537223340040242,0.9239766081871345,442,55,23,474,
test,08_CodeBERTa_embeddings,Embeddings CodeBERTa,Embedding Logistic Regression,0.9134808853118712,0.9438444924406048,0.8792756539235412,0.9104166666666667,471,26,60,437,
test,06_hybrid_embeddings_baseline,Híbrido embeddings + baseline,Hybrid Random Forest,0.9094567404426559,0.9395248380129589,0.8752515090543259,0.90625,469,28,62,435,
test,04_codebert_embeddings,Embeddings CodeBERT,Embedding Random Forest,0.8903420523138833,0.9330357142857143,0.8410462776659959,0.8846560846560847,467,30,79,418,
test,05_custom_mlp_embeddings,MLP sobre embeddings,Custom MLP,0.8832997987927566,0.8864097363083164,0.8792756539235412,0.8828282828282829,441,56,60,437,0.40000000000000013
test,07_tfidf_keras_mlp,MLP Keras sobre TF-IDF,TF-IDF Keras MLP,0.6770623742454729,0.7666666666666667,0.5090543259557344,0.6118500604594922,420,77,244,253,0.45000000000000007
test,09_CodeGPT_embeddings,Embeddings CodeGPT,Embedding Logistic Regression,0.5241448692152918,0.5681818181818182,0.2012072434607646,0.2971768202080238,421,76,397,100,
